run,time,X:VCD,X:Glc,X:Lac,X:Titer,F:Glc
0,0,0.75,50.0,0.0,0.0,0.0
0,1,1.9967029,50.482906,1.8917263,0.83668685,0.0
0,2,4.290367,49.10782,6.023443,3.4333322,15.0
0,3,8.420467,59.750755,14.106493,13.942734,15.0
0,4,13.499708,67.012146,27.77377,49.192547,15.0
0,5,17.854143,76.146996,46.687756,131.25223,15.0
0,6,18.5761,86.14228,70.76358,273.12292,15.0
0,7,18.000536,96.35089,95.73927,459.77826,15.0
0,8,14.231619,104.21325,118.86999,659.29803,15.0
0,9,11.776641,114.0145,136.1513,838.20703,15.0
0,10,9.619229,123.995964,148.632,980.24194,0.0
0,11,8.028295,119.44425,156.12946,1073.652,0.0
0,12,6.5579176,115.11557,162.04776,1149.8363,0.0
0,13,4.7057314,110.70873,166.33516,1210.6189,0.0
0,14,2.761054,106.3334,168.99707,1252.6827,0.0
1,0,0.5969388,47.55102,0.0,0.0,0.0
1,1,2.046552,47.250526,1.9350901,-0.40300244,19.081632653061224
1,2,4.8712187,62.77204,5.726593,1.3360207,19.081632653061224
1,3,8.827169,69.367874,13.63043,12.536231,19.081632653061224
1,4,14.087844,75.243454,26.77087,46.00309,19.081632653061224
1,5,17.861801,85.78998,45.85626,126.86689,19.081632653061224
1,6,18.425774,97.81515,70.442116,265.46054,19.081632653061224
1,7,17.342745,107.99694,94.81239,445.74023,19.081632653061224
1,8,13.077833,117.00494,116.99788,637.1945,19.081632653061224
1,9,10.790022,130.24239,132.45517,802.90125,19.081632653061224
1,10,9.359007,144.12128,142.46045,925.66327,0.0
1,11,8.172915,139.78271,147.39325,1003.60156,0.0
1,12,7.081973,136.11597,151.00533,1067.2792,0.0
1,13,6.158538,132.95084,153.36519,1116.7675,0.0
1,14,5.20045,129.92107,154.65298,1154.1271,0.0
2,0,0.5153061,34.489796,0.0,0.0,0.0
2,1,1.4626033,35.18101,1.4825277,0.6518942,0.0
2,2,3.1932583,33.94252,4.684909,2.4389753,16.42857142857143
2,3,6.746275,46.446674,11.522285,10.124066,16.42857142857143
2,4,10.971954,54.75436,23.395727,37.249336,16.42857142857143
2,5,14.798358,64.08075,39.766365,103.499565,16.42857142857143
2,6,15.96719,75.61946,61.604042,224.53738,16.42857142857143
2,7,16.012436,85.39593,84.94805,389.3892,16.42857142857143
2,8,12.949085,94.35941,107.43384,574.70526,16.42857142857143
2,9,10.7273035,104.88612,124.8551,747.40717,16.42857142857143
2,10,8.887197,115.80964,137.66951,891.8252,0.0
2,11,7.497938,111.12453,145.57982,990.5288,0.0
2,12,6.264162,106.789375,152.09805,1073.8163,0.0
2,13,4.955845,102.24802,157.44489,1143.6937,0.0
2,14,3.5995255,97.783035,161.68874,1200.706,0.0
3,0,0.9132653,51.632652,0.0,0.0,0.0
3,1,2.4353752,52.870693,2.4282238,0.517166,0.0
3,2,5.123474,51.444042,7.1137085,3.5257397,17.04081632653061
3,3,9.51872,62.92521,16.270931,16.619522,17.04081632653061
3,4,14.466738,71.732765,31.460989,59.346794,17.04081632653061
3,5,18.036987,81.70316,51.299625,152.52727,17.04081632653061
3,6,17.585228,92.031746,75.39308,305.4112,17.04081632653061
3,7,16.032326,102.23662,99.18781,491.40137,17.04081632653061
3,8,12.663251,110.73348,119.77102,677.9872,17.04081632653061
3,9,10.585347,122.49368,134.65532,839.9302,0.0
3,10,8.921991,117.686325,144.30228,955.1123,0.0
3,11,7.3924,113.09173,152.22375,1053.1075,0.0
3,12,5.920026,108.62989,158.4436,1134.255,0.0
3,13,4.0266294,104.096344,163.15807,1199.5659,0.0
3,14,2.126155,99.611916,166.06105,1245.8657,0.0
4,0,0.6785714,43.469387,0.0,0.0,0.0
4,1,1.8365293,43.407314,1.579792,1.0444546,11.53061224489796
4,2,4.0399985,52.206715,5.4904413,4.2156267,11.53061224489796
4,3,7.721772,56.784798,13.515656,15.338043,11.53061224489796
4,4,12.228614,61.96695,26.108904,48.77112,11.53061224489796
4,5,15.572689,69.00327,43.914474,123.13751,11.53061224489796
4,6,15.753322,77.530136,65.982605,247.71684,11.53061224489796
4,7,14.911676,85.87599,87.821075,408.4021,11.53061224489796
4,8,11.405418,92.27297,107.88995,577.2102,11.53061224489796
4,9,8.959919,99.11801,122.72245,726.4575,11.53061224489796
4,10,6.8212185,106.08816,133.49878,841.14594,0.0
4,11,5.263832,101.821625,140.21788,916.14014,0.0
4,12,3.8628292,97.782166,145.55392,977.06757,0.0
4,13,2.216236,93.85348,149.5433,1025.46,0.0
4,14,0.46795654,89.773705,152.41553,1058.9911,0.0
5,0,0.6683673,50.0,0.0,0.0,0.0
5,1,1.7103219,51.143,1.7678815,0.691125,0.0
5,2,3.6951203,50.088238,5.5256047,3.4097953,12.142857142857142
5,3,7.405485,59.859287,12.953385,12.754658,12.142857142857142
5,4,12.120232,65.62082,25.385712,43.772015,12.142857142857142
5,5,15.7403755,72.93092,42.859093,116.46692,12.142857142857142
5,6,16.73666,81.92438,65.28551,240.27731,12.142857142857142
5,7,15.408838,90.72798,88.778,404.6881,12.142857142857142
5,8,11.38022,97.67573,109.55387,578.28766,12.142857142857142
5,9,8.72199,104.80805,124.385925,728.73035,0.0
5,10,6.669832,100.13707,134.63364,836.05396,0.0
5,11,4.853326,95.70067,143.04051,925.5161,0.0
5,12,3.1021109,91.779305,149.4801,998.3124,0.0
5,13,1.0800829,87.74322,154.36194,1054.8046,0.0
5,14,-0.97386265,83.53135,157.52588,1093.0295,0.0
6,0,0.92346936,63.061226,0.0,0.0,0.0
6,1,2.5942366,62.491653,2.364768,-0.3620206,18.06122448979592
6,2,5.7396317,76.69729,6.924959,2.8766508,18.06122448979592
6,3,9.758404,83.22633,15.20616,16.92501,18.06122448979592
6,4,14.726612,89.74473,29.058321,57.460495,18.06122448979592
6,5,17.247765,99.89049,48.082752,145.56317,18.06122448979592
6,6,16.904999,109.70087,70.63484,281.27563,18.06122448979592
6,7,14.193944,118.27242,91.97894,439.20526,18.06122448979592
6,8,10.174951,125.41156,109.26428,591.9641,18.06122448979592
6,9,7.6320677,136.2602,120.034195,712.2995,0.0
6,10,6.395322,132.10536,124.869446,785.38367,0.0
6,11,5.5155916,128.44598,128.20544,841.5385,0.0
6,12,4.505748,125.0331,130.61377,887.3482,0.0
6,13,3.5358095,121.86211,132.00041,922.00055,0.0
6,14,2.6890182,118.92233,132.43315,945.90875,0.0
7,0,0.9438776,30.408163,0.0,0.0,0.0
7,1,2.1842904,31.296701,2.038756,0.72274464,16.224489795918366
7,2,4.9056177,44.025406,6.4235115,4.160901,16.224489795918366
7,3,8.456303,49.67478,14.589845,19.257393,16.224489795918366
7,4,12.24921,58.50942,27.359978,61.28686,16.224489795918366
7,5,12.822063,68.823074,45.537506,145.65135,16.224489795918366
7,6,12.541308,77.384186,63.622467,266.80746,16.224489795918366
7,7,10.626871,84.74036,82.881256,410.0293,16.224489795918366
7,8,8.523823,94.15362,98.575554,548.6779,16.224489795918366
7,9,7.0272503,105.290985,109.867615,668.0104,0.0
7,10,5.955019,100.81668,116.85581,749.9047,0.0
7,11,4.851694,96.826965,122.940155,822.41864,0.0
7,12,3.8813152,93.10465,128.0644,884.2426,0.0
7,13,2.8835192,89.29875,132.42046,936.9079,0.0
7,14,1.9230452,85.39538,135.99196,980.85156,0.0
8,0,0.60714287,40.204082,0.0,0.0,0.0
8,1,1.6735799,40.550224,1.268157,0.585599,0.0
8,2,3.5679154,39.55117,4.3107767,2.5722892,12.755102040816324
8,3,7.2731004,49.37626,11.257662,10.129594,12.755102040816324
8,4,12.311644,55.87879,23.390179,36.722626,12.755102040816324
8,5,17.00401,64.16312,41.29218,105.18305,12.755102040816324
8,6,19.232307,75.374855,65.72155,232.86292,12.755102040816324
8,7,19.760721,85.44084,92.43335,415.2356,12.755102040816324
8,8,16.367294,93.99516,118.894714,629.8649,12.755102040816324
8,9,13.206774,100.985504,140.33167,833.31006,12.755102040816324
8,10,10.5749445,108.181244,157.00327,1009.6964,12.755102040816324
8,11,8.509852,115.656296,169.00485,1145.1665,0.0
8,12,6.728053,110.650696,176.57437,1236.9783,0.0
8,13,4.5721464,105.64395,182.53656,1311.0963,0.0
8,14,2.2886267,100.80137,186.49857,1365.0768,0.0
9,0,0.5867347,67.14286,0.0,0.0,0.0
9,1,1.7396419,67.2559,1.4882419,0.091143966,10.306122448979592
9,2,3.8497007,75.99556,4.6410007,1.9475963,10.306122448979592
9,3,7.2201834,80.348595,10.258395,10.097806,10.306122448979592
9,4,11.4476385,84.452736,19.869488,35.7771,10.306122448979592
9,5,13.531823,90.73452,34.7787,93.94859,10.306122448979592
9,6,13.23852,96.8183,55.083412,187.12349,10.306122448979592
9,7,9.064868,103.26135,74.635216,304.1128,10.306122448979592
9,8,4.613158,107.91415,89.217026,405.43494,10.306122448979592
9,9,1.0534935,110.6475,99.841934,478.2632,0.0
9,10,-2.3771362,102.93009,107.191154,521.5755,0.0
9,11,-4.919879,95.9669,114.09776,563.4828,0.0
9,12,-7.094119,90.24811,120.69175,613.5891,0.0
9,13,-9.033097,86.29918,126.82994,668.93317,0.0
9,14,-10.799527,82.82495,132.53694,727.2491,0.0
10,0,0.75,38.57143,0.0,0.0,0.0
10,1,1.8963035,38.805717,1.7216768,0.53067183,13.36734693877551
10,2,4.1819143,49.34681,5.560628,3.1354334,13.36734693877551
10,3,7.952698,54.16733,13.834318,14.007027,13.36734693877551
10,4,12.823643,60.376953,26.684566,47.559967,13.36734693877551
10,5,16.181364,68.55287,45.086086,124.55925,13.36734693877551
10,6,16.849062,78.380974,68.24774,256.12024,13.36734693877551
10,7,16.040375,87.18963,91.72138,429.70316,13.36734693877551
10,8,12.856466,94.01071,113.45128,613.3793,13.36734693877551
10,9,10.344231,102.0866,130.2398,781.8867,13.36734693877551
10,10,8.257718,110.30379,142.6043,918.80756,0.0
10,11,6.7098618,105.49381,150.46912,1011.6094,0.0
10,12,5.2564564,101.01703,156.89044,1088.9729,0.0
10,13,3.512125,96.48993,161.95642,1152.2606,0.0
10,14,1.660614,92.020065,165.45937,1199.5442,0.0
11,0,0.61734694,62.2449,0.0,0.0,0.0
11,1,1.8923919,62.829807,1.5482941,0.5164182,0.0
11,2,4.1234684,62.244534,4.9822793,3.0637765,10.510204081632653
11,3,8.021955,71.28284,12.465479,12.223028,10.510204081632653
11,4,12.82569,76.41697,24.617754,42.310577,10.510204081632653
11,5,16.474241,83.66701,41.852142,112.72901,10.510204081632653
11,6,17.599295,92.08867,65.79796,232.59825,10.510204081632653
11,7,14.78646,99.65916,89.83446,392.13922,10.510204081632653
11,8,10.448457,106.55195,109.987785,553.73083,10.510204081632653
11,9,7.290305,110.455795,124.3111,686.4186,10.510204081632653
11,10,4.9241104,116.362335,134.99295,781.6309,10.510204081632653
11,11,2.6754322,122.28253,143.25392,846.54047,0.0
11,12,0.6339264,117.7627,149.2272,883.50214,0.0
11,13,-1.3593712,113.238655,154.4137,909.98083,0.0
11,14,-3.396966,108.74296,159.58868,939.3319,0.0
12,0,0.8010204,54.89796,0.0,0.0,0.0
12,1,1.9766963,56.131966,1.8940383,0.7462442,0.0
12,2,4.178628,54.983902,5.9182806,3.757546,13.775510204081632
12,3,8.194036,65.71056,13.91533,14.320557,13.775510204081632
12,4,13.190321,72.311356,27.244259,48.63083,13.775510204081632
12,5,16.869608,80.56874,45.896294,127.86128,13.775510204081632
12,6,17.762262,90.20207,69.65578,260.961,13.775510204081632
12,7,16.242567,99.64157,94.38052,435.31168,13.775510204081632
12,8,11.866818,107.04021,115.97023,617.19086,13.775510204081632
12,9,9.156563,115.56724,131.11761,771.95514,13.775510204081632
12,10,7.0210667,124.356,141.59276,884.89276,0.0
12,11,5.2815247,119.73402,147.86662,956.8563,0.0
12,12,3.728776,115.24461,152.80586,1013.6341,0.0
12,13,2.3051825,110.89599,156.48018,1056.8167,0.0
12,14,0.8340386,106.84485,159.04468,1088.2039,0.0
13,0,0.89285713,49.183674,0.0,0.0,0.0
13,1,2.3394117,48.73361,1.7705787,0.8466543,15.20408163265306
13,2,5.170765,60.597324,6.037333,4.286194,15.20408163265306
13,3,9.413822,66.13216,15.180498,17.468662,15.20408163265306
13,4,14.713549,72.649124,29.352448,57.15798,15.20408163265306
13,5,18.176298,81.80472,49.61724,144.70236,15.20408163265306
13,6,18.257072,92.12197,74.328064,289.6212,15.20408163265306
13,7,17.396717,101.60402,98.945435,473.19995,15.20408163265306
13,8,13.493019,109.258415,121.31283,666.1256,15.20408163265306
13,9,11.0487585,119.328674,137.64311,836.011,15.20408163265306
13,10,8.945603,129.643,149.16719,966.0154,15.20408163265306
13,11,7.267267,140.21548,156.10579,1054.3068,0.0
13,12,6.0209427,136.26932,158.77287,1103.5461,0.0
13,13,4.9254684,132.6973,160.26578,1139.103,0.0
13,14,3.8030205,129.36516,160.82437,1162.8127,0.0
14,0,0.93367344,59.795918,0.0,0.0,0.0
14,1,2.5681965,59.514713,2.022667,0.5133866,14.387755102040815
14,2,5.5045643,70.69313,6.616047,4.190408,14.387755102040815
14,3,9.72268,76.19738,15.412388,18.436577,14.387755102040815
14,4,14.217254,82.16617,29.410572,60.35881,14.387755102040815
14,5,17.1244,90.67059,48.892666,146.59412,14.387755102040815
14,6,16.788507,99.42101,71.658226,282.30722,14.387755102040815
14,7,14.423106,107.56069,94.15283,443.18314,14.387755102040815
14,8,10.143013,113.80125,112.32459,602.4784,14.387755102040815
14,9,7.720316,122.88661,124.29803,727.1481,14.387755102040815
14,10,6.0825377,133.0045,131.79979,811.4615,0.0
14,11,4.807843,129.1056,136.22163,861.82227,0.0
14,12,3.4682608,125.320404,139.76273,901.93567,0.0
14,13,2.218337,121.64392,142.4438,931.7392,0.0
14,14,1.0517492,118.044876,144.41293,952.5615,0.0
15,0,0.6989796,45.10204,0.0,0.0,0.0
15,1,1.9280736,46.28266,1.6831768,0.6901195,0.0
15,2,4.0615845,45.15492,5.4181314,3.3166094,15.408163265306122
15,3,8.094906,56.4916,13.484438,12.859698,15.408163265306122
15,4,13.217605,64.577095,27.122725,45.736958,15.408163265306122
15,5,17.644718,73.99712,46.128563,124.908356,15.408163265306122
15,6,18.809536,85.11362,71.4272,265.4534,15.408163265306122
15,7,18.483887,95.56276,98.215866,455.23624,15.408163265306122
15,8,14.778166,104.404526,123.41008,665.0173,15.408163265306122
15,9,11.919034,113.790054,142.81549,858.07886,15.408163265306122
15,10,9.522727,123.383286,157.18277,1016.4053,15.408163265306122
15,11,7.6073065,133.1696,166.68405,1129.78,0.0
15,12,6.151452,128.28152,171.57599,1198.0029,0.0
15,13,4.6148596,123.51096,175.2466,1251.0818,0.0
15,14,3.0594416,118.757996,177.4794,1289.2288,0.0
16,0,0.7397959,55.714287,0.0,0.0,0.0
16,1,1.9191418,56.973335,1.8633932,0.72494674,0.0
16,2,4.055003,55.810688,5.8328614,3.613664,16.020408163265305
16,3,8.112413,67.72088,13.763083,13.485197,16.020408163265305
16,4,13.361929,75.111435,27.195892,46.0728,16.020408163265305
16,5,17.499557,84.52177,46.19802,124.51224,16.020408163265305
16,6,19.040056,95.66629,71.40405,260.78757,16.020408163265305
16,7,17.54048,106.14918,97.65257,444.66003,16.020408163265305
16,8,12.697726,114.610825,120.98567,640.1283,16.020408163265305
16,9,9.865462,124.490585,137.27979,806.6389,16.020408163265305
16,10,7.7948,135.11644,148.42181,929.36804,16.020408163265305
16,11,5.9514112,145.96631,155.08667,1013.17194,0.0
16,12,4.5512266,141.2768,157.9018,1057.1344,0.0
16,13,3.2829294,136.73317,159.69724,1088.9424,0.0
16,14,2.1243296,132.28435,160.63753,1109.786,0.0
17,0,0.77040815,32.040817,0.0,0.0,0.0
17,1,2.0941815,31.51269,1.1940634,0.2990387,19.285714285714285
17,2,4.731972,47.632042,4.243387,3.02456,19.285714285714285
17,3,7.9897823,54.912956,10.9305,15.591812,19.285714285714285
17,4,11.557883,64.22873,22.321892,49.202026,19.285714285714285
17,5,12.651076,76.33299,39.92016,119.125824,19.285714285714285
17,6,12.625932,88.67979,60.875465,228.02118,19.285714285714285
17,7,12.035562,97.832436,81.02638,363.05737,19.285714285714285
17,8,8.907845,107.01265,100.450066,508.52515,19.285714285714285
17,9,6.83881,118.7252,114.49642,637.5049,19.285714285714285
17,10,5.362488,132.18478,123.72838,734.71313,19.285714285714285
17,11,4.211478,145.99791,128.78104,799.4231,0.0
17,12,3.4224281,141.29225,129.56674,834.9897,0.0
17,13,2.772026,137.42268,129.47476,861.3596,0.0
17,14,2.0748892,134.235,128.6726,879.6287,0.0
18,0,0.81122446,37.7551,0.0,0.0,0.0
18,1,2.1484985,38.63891,2.0275807,0.46180898,0.0
18,2,4.576856,37.3011,6.295115,3.0173426,14.79591836734694
18,3,8.593144,47.952522,14.803444,14.981572,14.79591836734694
18,4,12.868273,56.0382,28.654175,53.957264,14.79591836734694
18,5,15.909728,65.47093,47.015038,139.61272,14.79591836734694
18,6,16.478252,74.74332,69.17624,279.16898,14.79591836734694
18,7,14.591799,84.40416,91.895515,458.86588,14.79591836734694
18,8,11.794837,92.455284,111.50013,636.48956,14.79591836734694
18,9,9.825149,102.14195,126.37674,795.5554,0.0
18,10,8.247157,97.41059,136.56447,914.5098,0.0
18,11,6.8579245,92.982574,145.08398,1016.33545,0.0
18,12,5.0369635,88.50524,152.1397,1103.047,0.0
18,13,3.1499414,84.10451,157.32788,1171.3177,0.0
18,14,1.278964,80.33621,160.54271,1220.8027,0.0
19,0,0.9030612,68.77551,0.0,0.0,0.0
19,1,2.5253098,68.939674,2.2741046,-0.35429835,18.46938775510204
19,2,5.5002494,83.77224,6.809221,2.5692074,18.46938775510204
19,3,9.497835,90.6394,14.728052,15.59957,18.46938775510204
19,4,14.79132,97.166306,27.895203,53.660503,18.46938775510204
19,5,17.192253,107.59996,47.04361,138.33443,18.46938775510204
19,6,16.487915,119.00864,71.01692,270.01453,18.46938775510204
19,7,12.392285,126.92456,92.54245,422.63455,18.46938775510204
19,8,8.833002,133.61662,109.68546,562.7003,18.46938775510204
19,9,4.717798,142.0537,120.219604,674.9009,18.46938775510204
19,10,2.9433174,154.50084,125.27182,739.9623,0.0
19,11,1.8491707,150.03903,126.73683,767.0105,0.0
19,12,1.1092672,146.08496,127.272026,782.2983,0.0
19,13,0.5419321,142.35747,127.32014,791.54114,0.0
19,14,-0.0054273605,138.76343,127.03711,796.969,0.0
20,0,0.8214286,45.918365,0.0,0.0,0.0
20,1,2.3973877,46.060085,2.1550422,-0.13270676,18.877551020408163
20,2,5.453326,61.430237,6.428303,2.1317234,18.877551020408163
20,3,9.67639,67.81211,15.200247,15.551675,18.877551020408163
20,4,14.803976,74.983604,29.302128,55.19243,18.877551020408163
20,5,17.56089,85.54509,49.11722,143.77867,18.877551020408163
20,6,17.216337,96.58528,72.869225,288.01306,18.877551020408163
20,7,16.093233,105.929436,96.53937,465.43643,18.877551020408163
20,8,12.288553,115.72064,117.327484,649.6116,18.877551020408163
20,9,10.215928,128.8958,131.6053,807.02386,18.877551020408163
20,10,8.809638,142.67775,140.70346,921.9932,0.0
20,11,7.661169,138.54471,144.78777,992.8247,0.0
20,12,6.6514626,135.05896,147.56291,1049.4236,0.0
20,13,5.803873,132.08371,149.14407,1092.6232,0.0
20,14,4.913906,129.291,149.69182,1124.1031,0.0
21,0,0.57653064,31.22449,0.0,0.0,0.0
21,1,1.4656343,31.55986,1.5501578,0.56269443,10.10204081632653
21,2,3.3265057,39.38923,5.0269127,2.7764864,10.10204081632653
21,3,6.6862564,42.98828,12.172704,11.515578,10.10204081632653
21,4,10.980989,48.11377,23.605278,39.763504,10.10204081632653
21,5,14.194424,54.717434,39.987904,106.116425,10.10204081632653
21,6,15.353782,63.0279,60.69915,221.52573,10.10204081632653
21,7,14.571897,71.036545,81.96649,377.84302,10.10204081632653
21,8,11.65212,75.841255,101.823814,545.7612,10.10204081632653
21,9,9.181131,81.092064,117.643265,700.60254,0.0
21,10,7.260833,76.63929,129.82,826.5251,0.0
21,11,5.31548,72.45125,139.98608,934.02325,0.0
21,12,3.163436,68.06323,148.38147,1023.54706,0.0
21,13,0.9463949,64.11717,154.39494,1091.2507,0.0
21,14,-1.1682787,61.10567,157.72623,1132.5565,0.0
22,0,0.9744898,52.44898,0.0,0.0,0.0
22,1,2.8063798,52.906147,2.6433868,0.19521439,0.0
22,2,6.0274315,51.34425,7.4947557,3.0757146,19.693877551020407
22,3,10.966846,64.974976,17.20915,17.567766,19.693877551020407
22,4,15.930782,74.997086,33.454597,65.75663,19.693877551020407
22,5,19.378628,86.53137,54.16836,168.64151,19.693877551020407
22,6,18.741793,97.46479,78.60949,334.10428,19.693877551020407
22,7,16.723465,108.041145,103.00365,531.9457,19.693877551020407
22,8,13.9410515,119.35652,123.17204,725.6482,19.693877551020407
22,9,12.211303,133.77937,137.55173,893.3362,0.0
22,10,10.790416,129.15392,146.22942,1011.21454,0.0
22,11,9.52118,125.36159,153.16754,1111.3083,0.0
22,12,8.2518015,121.721375,158.46338,1193.4442,0.0
22,13,6.7568426,117.901566,162.16577,1258.1615,0.0
22,14,5.099801,113.968056,164.22653,1304.6152,0.0
23,0,0.8622449,32.857143,0.0,0.0,0.0
23,1,1.8981998,32.41839,1.4855042,0.43964347,13.16326530612245
23,2,4.143688,42.74796,4.9791217,2.2304862,13.16326530612245
23,3,7.7624464,46.914204,12.483135,11.302872,13.16326530612245
23,4,12.884749,53.372536,25.116714,41.16396,13.16326530612245
23,5,16.822187,61.565407,43.730427,114.2334,13.16326530612245
23,6,19.174702,72.75162,68.115776,244.8479,13.16326530612245
23,7,19.216812,82.7476,94.335106,430.8222,13.16326530612245
23,8,16.048065,90.183426,119.962326,643.5737,13.16326530612245
23,9,13.020056,97.6067,140.95026,844.6655,13.16326530612245
23,10,10.58255,105.25178,157.58575,1020.2929,13.16326530612245
23,11,8.629175,113.21555,169.6664,1155.7651,0.0
23,12,7.0543995,108.26198,177.42068,1250.5923,0.0
23,13,5.2144127,103.54837,183.80548,1329.8884,0.0
23,14,3.0973072,99.629616,188.4315,1391.4159,0.0
24,0,0.68877554,41.02041,0.0,0.0,0.0
24,1,1.9328939,41.689808,1.5463922,0.5451932,0.0
24,2,4.1436377,40.30678,4.926731,2.4068763,19.48979591836735
24,3,8.371954,55.01064,12.427512,11.196069,19.48979591836735
24,4,13.282291,64.35106,25.74786,42.619698,19.48979591836735
24,5,17.666344,75.61444,44.2604,119.59533,19.48979591836735
24,6,19.12441,88.57778,69.13902,260.0305,19.48979591836735
24,7,19.424463,99.87825,95.72504,451.91544,19.48979591836735
24,8,15.811956,110.22904,121.594284,669.3148,19.48979591836735
24,9,13.3943205,123.34833,141.43576,870.9335,19.48979591836735
24,10,11.338532,136.95247,155.77263,1037.8778,19.48979591836735
24,11,9.696134,151.65056,164.66255,1157.5793,0.0
24,12,8.606364,148.05501,168.00232,1225.6904,0.0
24,13,7.5119085,144.69185,169.92378,1277.7758,0.0
24,14,6.36374,141.31993,170.59651,1314.8984,0.0
25,0,0.78061223,35.30612,0.0,0.0,0.0
25,1,1.8476679,35.57152,1.4443371,0.626616,0.0
25,2,3.7416737,34.279137,4.8458724,2.373713,15.0
25,3,7.615739,45.78594,12.129769,10.879984,15.0
25,4,12.483826,54.069527,24.89331,40.11477,15.0
25,5,16.774664,63.12218,43.13626,112.9471,15.0
25,6,18.79164,74.71534,67.418396,245.4299,15.0
25,7,19.0523,85.36513,93.965004,432.18243,15.0
25,8,16.028011,94.02637,119.916306,646.7547,15.0
25,9,13.135783,102.99796,141.24683,851.3763,15.0
25,10,10.785653,112.05768,157.69382,1029.3599,15.0
25,11,8.876704,121.61646,169.32242,1166.1404,0.0
25,12,7.2680826,116.65525,176.33679,1256.5114,0.0
25,13,5.727702,111.74492,181.89082,1330.0763,0.0
25,14,3.9002466,107.29722,186.04424,1388.5752,0.0
26,0,0.5255102,54.081635,0.0,0.0,0.0
26,1,1.824926,53.42487,1.3927163,0.5944083,10.918367346938776
26,2,4.0962067,62.072533,4.741945,3.8113081,10.918367346938776
26,3,7.8635178,66.4942,12.195913,14.184568,10.918367346938776
26,4,12.170302,70.81568,24.174482,44.7938,10.918367346938776
26,5,15.327011,77.80702,41.54554,113.641075,10.918367346938776
26,6,17.002264,86.53363,63.946568,228.57841,10.918367346938776
26,7,15.138464,94.5219,87.11665,384.5191,10.918367346938776
26,8,10.970491,101.421936,107.32483,548.20605,10.918367346938776
26,9,8.116481,106.66804,121.757385,685.61566,10.918367346938776
26,10,5.941202,113.194916,132.04935,785.988,10.918367346938776
26,11,3.8937912,119.81226,139.78586,855.69305,0.0
26,12,2.1911278,115.67441,145.08855,895.013,0.0
26,13,0.6027622,111.44207,149.65497,924.6147,0.0
26,14,-0.91189766,107.35205,153.61002,946.3987,0.0
27,0,0.872449,63.877552,0.0,0.0,0.0
27,1,2.2470732,65.134384,1.8257014,0.70127857,0.0
27,2,4.683133,64.29666,5.803207,3.7917032,11.73469387755102
27,3,8.860837,74.41697,14.118759,15.162457,11.73469387755102
27,4,13.65934,80.21509,27.549215,51.070755,11.73469387755102
27,5,17.054918,88.104515,46.610973,130.61783,11.73469387755102
27,6,18.288979,97.26578,71.06635,261.2702,11.73469387755102
27,7,15.616193,105.239685,96.02791,432.5465,11.73469387755102
27,8,11.070995,112.21158,116.854004,604.3369,11.73469387755102
27,9,7.921258,117.81046,131.37314,744.40625,11.73469387755102
27,10,5.545828,124.71895,141.80392,842.6716,11.73469387755102
27,11,3.3116465,131.69461,149.5941,909.0805,0.0
27,12,1.3498945,127.08382,154.86635,945.28174,0.0
27,13,-0.5010271,122.376335,159.34238,970.6315,0.0
27,14,-2.3251896,117.72839,163.4573,991.3913,0.0
28,0,0.627551,66.32653,0.0,0.0,0.0
28,1,1.7468591,67.085815,1.8375664,-0.19757938,0.0
28,2,3.7978814,66.16748,5.2777615,0.923486,14.591836734693878
28,3,7.5887146,77.35498,12.358904,8.073579,14.591836734693878
28,4,12.78744,83.85784,23.976736,34.04292,14.591836734693878
28,5,15.955401,92.41691,41.46927,100.71776,14.591836734693878
28,6,15.891142,101.953514,64.81016,217.00133,14.591836734693878
28,7,11.2718525,109.84551,86.4064,364.76605,14.591836734693878
28,8,7.2492685,116.47118,103.17543,498.94324,14.591836734693878
28,9,3.0129204,121.62804,113.90335,604.2657,0.0
28,10,1.1609945,115.5348,119.85666,660.2686,0.0
28,11,-0.19384861,111.19971,124.29161,700.74927,0.0
28,12,-1.5587053,106.948524,127.98054,733.72943,0.0
28,13,-3.088852,102.66676,131.81947,769.5701,0.0
28,14,-4.6301794,98.418724,135.77701,808.2669,0.0
29,0,0.88265306,41.836735,0.0,0.0,0.0
29,1,2.3993528,42.764786,2.1940851,0.3043533,0.0
29,2,5.1595283,41.434605,6.5971603,2.8345382,17.244897959183675
29,3,9.663084,53.73376,15.610637,15.325303,17.244897959183675
29,4,14.3406725,62.95614,30.526566,57.30449,17.244897959183675
29,5,17.768383,73.60038,50.24173,150.18604,17.244897959183675
29,6,18.23643,83.87504,74.139885,303.47617,17.244897959183675
29,7,16.410719,94.28931,98.70742,498.98608,17.244897959183675
29,8,13.494942,104.151024,119.94719,694.23346,17.244897959183675
29,9,11.52479,115.97093,135.87556,868.76373,0.0
29,10,9.900101,111.026375,146.4816,999.10535,0.0
29,11,8.499767,106.64507,155.27246,1110.3326,0.0
29,12,6.7769165,102.02726,162.44449,1204.4724,0.0
29,13,4.838373,97.54506,167.78726,1279.4994,0.0
29,14,2.91988,93.51813,171.1448,1333.838,0.0
30,0,0.50510204,36.938774,0.0,0.0,0.0
30,1,1.63073,36.882267,2.223907,-0.691268,19.89795918367347
30,2,4.2558856,52.963455,5.899029,-0.4766196,19.89795918367347
30,3,7.882206,59.888336,12.186965,9.21941,19.89795918367347
30,4,12.358808,65.144775,23.232243,38.23657,19.89795918367347
30,5,15.630093,75.758766,39.759636,108.31845,19.89795918367347
30,6,16.221104,88.13815,61.68985,230.86604,19.89795918367347
30,7,15.775359,97.82359,82.90766,391.7436,19.89795918367347
30,8,12.358142,107.9866,103.22603,566.7878,19.89795918367347
30,9,10.552015,122.05878,117.31555,721.4079,0.0
30,10,9.65701,117.395874,125.83359,831.14496,0.0
30,11,8.587428,113.72455,133.27641,931.929,0.0
30,12,7.7094545,110.583084,139.32704,1017.9492,0.0
30,13,6.7486315,107.22888,144.20032,1090.8845,0.0
30,14,5.848405,103.68868,148.04605,1150.7155,0.0
31,0,0.7602041,36.122448,0.0,0.0,0.0
31,1,1.907843,36.784035,1.4823446,0.8142019,0.0
31,2,4.002254,35.62507,5.1630287,3.4972878,11.122448979591836
31,3,7.8082595,44.87309,12.900327,13.7456,11.122448979591836
31,4,12.572673,51.597042,25.848911,46.64193,11.122448979591836
31,5,16.396412,59.48604,44.381176,123.24376,11.122448979591836
31,6,18.020866,68.801704,68.15396,256.1289,11.122448979591836
31,7,17.148933,78.56194,92.792046,438.1193,11.122448979591836
31,8,13.89279,83.558945,116.0779,633.9518,11.122448979591836
31,9,11.000141,89.45515,134.91432,816.48004,11.122448979591836
31,10,8.647393,95.65984,149.72284,970.1915,0.0
31,11,6.6965933,90.97317,160.07097,1083.114,0.0
31,12,4.2831373,85.99643,168.67332,1177.2909,0.0
31,13,1.8590384,81.42898,174.9293,1249.5,0.0
31,14,-0.58632946,77.788826,178.49197,1296.0347,0.0
32,0,0.95408165,58.97959,0.0,0.0,0.0
32,1,2.553875,60.085182,2.1653943,0.72701544,0.0
32,2,5.3151093,58.653023,6.832062,3.9226515,18.6734693877551
32,3,10.06133,71.51283,16.045061,16.806856,18.6734693877551
32,4,15.7699795,80.63202,31.592346,58.9607,18.6734693877551
32,5,20.103003,91.83178,52.91915,155.07526,18.6734693877551
32,6,20.471645,103.24971,79.72047,316.23444,18.6734693877551
32,7,19.39734,114.507935,107.32495,521.76166,18.6734693877551
32,8,14.883692,123.47011,132.01427,737.37024,18.6734693877551
32,9,12.3165045,136.32066,149.69487,925.43787,18.6734693877551
32,10,10.202346,149.50285,161.81123,1067.3354,18.6734693877551
32,11,8.393001,163.0091,168.67181,1162.8259,0.0
32,12,7.102645,158.87486,170.23058,1212.8069,0.0
32,13,5.998891,155.31702,170.36505,1246.7007,0.0
32,14,4.8737364,152.27716,169.27095,1266.3453,0.0
33,0,0.56632656,33.67347,0.0,0.0,0.0
33,1,1.5567698,34.49204,1.4055004,0.81758916,0.0
33,2,3.3244743,33.31888,4.685611,2.9693289,12.959183673469388
33,3,6.777181,43.60482,11.772678,11.442859,12.959183673469388
33,4,11.198496,51.267315,23.896257,39.754086,12.959183673469388
33,5,14.858496,59.35507,41.030388,107.79942,12.959183673469388
33,6,16.346722,69.70159,63.94851,228.87177,12.959183673469388
33,7,16.235012,79.25937,87.9868,396.27252,12.959183673469388
33,8,13.335787,86.93818,111.04553,584.61646,12.959183673469388
33,9,10.512775,94.108986,129.77,762.672,12.959183673469388
33,10,8.207681,101.491394,144.4159,914.17615,0.0
33,11,6.4432163,96.28112,154.58965,1023.76306,0.0
33,12,4.656559,91.19127,163.07416,1117.1901,0.0
33,13,2.5677433,86.12308,170.06042,1194.803,0.0
33,14,0.45858002,81.673996,175.06381,1253.9056,0.0
34,0,0.7908163,65.5102,0.0,0.0,0.0
34,1,2.3525035,65.294106,2.2148013,-0.41385412,17.857142857142858
34,2,5.2354355,79.51907,6.564288,2.3703854,17.857142857142858
34,3,9.115844,86.0208,14.277084,14.628633,17.857142857142858
34,4,14.316948,92.138,27.16874,50.865406,17.857142857142858
34,5,16.845013,102.1256,45.75994,132.59761,17.857142857142858
34,6,16.485985,113.20024,69.05124,261.43707,17.857142857142858
34,7,12.789361,121.239655,90.300255,413.55,17.857142857142858
34,8,9.283226,127.820816,107.45738,555.6879,17.857142857142858
34,9,5.537071,136.32379,118.30203,671.3596,0.0
34,10,4.0557337,131.49216,123.15405,735.4829,0.0
34,11,3.115407,127.57486,126.37377,781.64294,0.0
34,12,2.2457533,123.860245,128.64963,818.0831,0.0
34,13,1.2622738,120.31772,130.20953,846.2754,0.0
34,14,0.25234985,116.943344,131.03737,865.9292,0.0
35,0,0.99489796,64.69388,0.0,0.0,0.0
35,1,2.6743193,64.537605,2.0445852,0.38705528,14.183673469387756
35,2,5.706785,75.58226,6.6142282,3.850935,14.183673469387756
35,3,10.023864,81.034935,15.39993,17.615454,14.183673469387756
35,4,14.76733,86.57736,29.494259,59.330635,14.183673469387756
35,5,17.253605,95.39248,49.163383,146.63748,14.183673469387756
35,6,17.260609,103.80376,72.298355,281.4378,14.183673469387756
35,7,14.386372,111.49252,95.151535,442.725,14.183673469387756
35,8,10.047688,117.7805,113.11023,600.1045,14.183673469387756
35,9,7.454705,126.044044,124.89961,722.0215,14.183673469387756
35,10,5.763386,135.96933,132.56131,804.4171,0.0
35,11,4.4427376,132.07274,137.28017,852.58514,0.0
35,12,3.0457344,128.24214,141.13051,891.01324,0.0
35,13,1.642457,124.480125,144.19377,919.62177,0.0
35,14,0.36613178,120.76273,146.56113,938.97614,0.0
36,0,0.7091837,44.285713,0.0,0.0,0.0
36,1,1.989191,43.98119,1.7541711,0.28503227,15.816326530612244
36,2,4.530403,56.644634,5.5362024,2.5310984,15.816326530612244
36,3,8.413322,62.069717,13.983169,13.419261,15.816326530612244
36,4,13.628126,67.95552,27.342709,46.996506,15.816326530612244
36,5,17.512936,77.17471,46.438908,126.74501,15.816326530612244
36,6,18.092655,88.1707,70.61311,264.34897,15.816326530612244
36,7,17.470871,97.75829,95.41409,445.81802,15.816326530612244
36,8,13.648588,105.97746,118.199425,641.18286,15.816326530612244
36,9,11.253852,116.280174,134.99023,815.8337,15.816326530612244
36,10,9.2740755,126.93467,146.93428,953.72864,0.0
36,11,7.7946033,122.30127,153.89172,1043.7416,0.0
36,12,6.49955,118.07949,159.39098,1117.7733,0.0
36,13,5.1484146,113.81135,163.67769,1177.6741,0.0
36,14,3.633503,109.5353,166.65948,1223.69,0.0
37,0,0.6479592,69.591835,0.0,0.0,0.0
37,1,2.0524619,69.94848,1.7769052,-0.043790102,0.0
37,2,4.535663,68.89922,5.364125,1.6934259,17.653061224489797
37,3,9.009154,82.06235,13.12151,10.2403965,17.653061224489797
37,4,14.917702,89.674385,26.459505,39.469585,17.653061224489797
37,5,18.63369,99.59356,46.12229,116.18289,17.653061224489797
37,6,18.458824,111.50148,73.22217,251.79611,17.653061224489797
37,7,14.737728,121.357864,98.10135,424.86487,17.653061224489797
37,8,10.500135,130.13887,118.92227,592.8549,17.653061224489797
37,9,6.3592396,138.1786,133.15997,732.67615,17.653061224489797
37,10,4.2415476,150.2364,141.27962,823.1901,17.653061224489797
37,11,2.7869291,162.8976,146.15906,876.06934,0.0
37,12,1.7648058,158.26868,148.19914,897.7094,0.0
37,13,0.85415363,153.70685,149.74098,913.21295,0.0
37,14,-0.10670662,149.17833,150.9252,923.9955,0.0
38,0,0.65816325,39.387756,0.0,0.0,0.0
38,1,1.6910036,40.011654,1.74241,0.8724777,0.0
38,2,3.6804657,38.76563,5.594455,3.322323,11.93877551020408
38,3,7.3498483,47.760292,13.328273,12.762927,11.93877551020408
38,4,11.844795,54.270233,26.10034,45.210567,11.93877551020408
38,5,15.747377,61.72384,43.641777,119.451645,11.93877551020408
38,6,16.60117,70.838615,65.87428,249.40569,11.93877551020408
38,7,15.807701,80.20316,88.74151,421.69135,11.93877551020408
38,8,12.66984,86.00679,110.130035,603.7612,11.93877551020408
38,9,10.199538,92.90137,126.85234,770.98816,0.0
38,10,8.226774,88.17435,139.16873,904.57465,0.0
38,11,6.2428493,83.85901,149.21051,1018.031,0.0
38,12,3.9468098,79.16064,157.36316,1111.2156,0.0
38,13,1.6444359,74.87913,163.08714,1182.2323,0.0
38,14,-0.6584816,71.455696,166.1451,1226.7489,0.0
39,0,0.54591835,53.265305,0.0,0.0,0.0
39,1,1.8681451,53.866543,1.6312923,0.39124382,0.0
39,2,4.1206765,52.770493,5.140546,2.2773318,18.26530612244898
39,3,8.464905,65.975266,12.693979,10.064079,18.26530612244898
39,4,14.07365,73.50892,25.89723,38.984436,18.26530612244898
39,5,18.987076,84.30999,45.542404,114.652565,18.26530612244898
39,6,21.49726,97.704575,72.563416,256.32047,18.26530612244898
39,7,20.709267,109.685616,101.09233,456.1302,18.26530612244898
39,8,15.716116,119.52278,128.10748,681.4127,18.26530612244898
39,9,12.745831,131.35466,147.7251,879.6055,18.26530612244898
39,10,10.539839,143.6684,161.61487,1037.4392,18.26530612244898
39,11,8.629219,156.29146,170.27417,1148.9424,0.0
39,12,7.2400494,151.62418,173.64749,1213.2471,0.0
39,13,6.035925,147.48186,175.59247,1261.0004,0.0
39,14,4.7728806,143.62877,176.36191,1294.5538,0.0
40,0,0.53571427,42.65306,0.0,0.0,0.0
40,1,1.6510676,42.296204,1.3743725,-0.03257507,16.836734693877553
40,2,3.9034996,56.12946,4.283229,1.135256,16.836734693877553
40,3,7.301183,62.083027,11.123263,9.645462,16.836734693877553
40,4,12.388338,66.67546,23.096245,35.33623,16.836734693877553
40,5,17.023462,76.54965,40.679966,101.57637,16.836734693877553
40,6,19.132614,89.03046,65.27009,226.12143,16.836734693877553
40,7,18.657612,99.55737,90.9081,402.48196,16.836734693877553
40,8,14.488709,108.2917,116.1364,604.9631,16.836734693877553
40,9,11.69125,118.66399,135.01622,787.94824,16.836734693877553
40,10,9.644362,129.9075,148.68976,937.22955,16.836734693877553
40,11,7.8662624,141.38712,157.60495,1045.8387,0.0
40,12,6.5630093,136.9847,161.69316,1110.732,0.0
40,13,5.4261303,132.98804,164.51015,1160.5724,0.0
40,14,4.276474,129.15544,166.3244,1197.7004,0.0
41,0,0.71938777,56.530613,0.0,0.0,0.0
41,1,2.080232,56.33948,1.6924803,0.5909511,12.551020408163264
41,2,4.551677,66.094765,5.6001577,3.9731245,12.551020408163264
41,3,8.473821,71.19202,13.590976,15.6543665,12.551020408163264
41,4,12.958273,76.17873,26.444147,50.34498,12.551020408163264
41,5,15.845077,83.83165,44.759987,126.34128,12.551020408163264
41,6,16.721731,92.665634,67.40964,248.93465,12.551020408163264
41,7,14.459231,100.78874,90.355354,406.82068,12.551020408163264
41,8,10.140426,107.490265,109.51278,566.50964,12.551020408163264
41,9,7.4390163,114.118256,122.66832,694.97314,12.551020408163264
41,10,5.4945765,122.21356,131.61035,785.14417,0.0
41,11,3.8533134,118.03297,137.75073,841.50586,0.0
41,12,2.1756153,113.8771,142.94453,886.4929,0.0
41,13,0.6540861,109.68961,147.2658,920.47675,0.0
41,14,-0.7569103,105.657326,150.78893,945.47064,0.0
42,0,0.9846939,50.816326,0.0,0.0,0.0
42,1,2.6498208,50.949974,2.3252182,0.570415,17.448979591836736
42,2,5.8262405,64.61586,7.274814,4.424952,17.448979591836736
42,3,10.241962,70.95009,16.877808,20.50163,17.448979591836736
42,4,15.118052,78.6812,31.69433,66.933464,17.448979591836736
42,5,17.454372,88.611,52.06358,162.46844,17.448979591836736
42,6,16.202108,98.70524,75.28773,309.79666,17.448979591836736
42,7,14.317684,107.28087,97.30609,478.5937,17.448979591836736
42,8,10.5357065,116.06442,115.648254,644.8064,17.448979591836736
42,9,8.56833,128.41579,127.62298,776.3212,17.448979591836736
42,10,7.2610655,141.2167,134.83456,868.15674,0.0
42,11,6.267647,137.07162,137.51154,922.16016,0.0
42,12,5.2244034,133.43353,139.16208,964.48,0.0
42,13,4.325218,130.28345,139.73956,994.8791,0.0
42,14,3.5523758,127.53399,139.37885,1014.24805,0.0
43,0,0.96428573,67.95918,0.0,0.0,0.0
43,1,2.3531666,69.19108,2.015866,0.48155951,0.0
43,2,4.8215494,68.07171,6.166045,3.0470374,13.979591836734697
43,3,9.070364,79.01224,14.708421,14.238617,13.979591836734697
43,4,14.356762,85.66468,28.373428,50.065384,13.979591836734697
43,5,17.939259,94.77035,47.68477,132.5299,13.979591836734697
43,6,18.994724,104.29348,72.83928,268.92053,13.979591836734697
43,7,15.900462,112.910126,97.839165,445.64984,13.979591836734697
43,8,11.155909,119.98161,118.345,619.2678,13.979591836734697
43,9,8.141563,127.340034,132.20236,757.9647,13.979591836734697
43,10,6.064046,136.50235,141.4299,854.2163,0.0
43,11,4.328129,132.02617,147.54659,912.56226,0.0
43,12,2.5005102,127.6092,152.62906,958.61304,0.0
43,13,0.84494495,123.21656,156.71802,992.2863,0.0
43,14,-0.6864805,118.828156,159.87646,1015.9021,0.0
44,0,0.8520408,61.42857,0.0,0.0,0.0
44,1,2.437448,61.14261,2.0791247,0.08948743,15.612244897959185
44,2,5.3446364,73.548416,6.469142,3.1669106,15.612244897959185
44,3,9.353487,79.27657,14.714604,16.169222,15.612244897959185
44,4,14.270256,85.044586,28.225187,54.637833,15.612244897959185
44,5,16.910294,94.14181,47.15779,138.6773,15.612244897959185
44,6,17.051289,103.0781,69.88692,270.3169,15.612244897959185
44,7,14.31467,111.33285,92.0746,430.04843,15.612244897959185
44,8,10.033691,117.65103,109.85783,585.98285,15.612244897959185
44,9,7.668023,127.07894,121.41771,708.00616,0.0
44,10,6.255516,122.99196,127.86962,786.3843,0.0
44,11,4.9323187,119.125824,132.93018,849.2513,0.0
44,12,3.5926476,115.446495,136.85254,899.57025,0.0
44,13,2.3804092,111.93302,139.71231,937.824,0.0
44,14,1.2755451,108.53381,141.54692,965.1753,0.0
45,0,0.72959185,58.163265,0.0,0.0,0.0
45,1,1.9219303,58.616768,1.8437219,0.3363812,11.326530612244898
45,2,4.1820517,67.658676,5.736638,2.9269774,11.326530612244898
45,3,7.8063483,72.3172,12.99919,13.023214,11.326530612244898
45,4,12.351038,76.65585,24.977856,44.616535,11.326530612244898
45,5,15.175464,83.78456,41.7667,115.75708,11.326530612244898
45,6,15.89131,91.254074,63.455086,230.43964,11.326530612244898
45,7,12.821991,98.052635,84.63347,377.2713,11.326530612244898
45,8,8.872543,103.765884,101.64363,518.7782,11.326530612244898
45,9,6.289626,108.79812,113.23639,631.01324,0.0
45,10,4.481411,104.724785,121.26943,706.29395,0.0
45,11,2.6974487,100.72583,128.03868,765.93475,0.0
45,12,0.9191656,96.755264,133.77264,813.05817,0.0
45,13,-0.45343876,93.043945,138.21593,848.7158,0.0
45,14,-1.8484279,89.58891,142.03583,880.32574,0.0
46,0,0.5561224,57.34694,0.0,0.0,0.0
46,1,1.6582972,57.798496,1.8067989,0.09252691,0.0
46,2,3.727407,56.798332,5.312465,1.6714225,13.571428571428571
46,3,7.509856,67.0661,12.534132,9.315542,13.571428571428571
46,4,12.607451,73.02499,24.51036,36.12684,13.571428571428571
46,5,16.316633,80.91627,41.74793,105.30778,13.571428571428571
46,6,16.938839,90.53843,65.012314,227.25076,13.571428571428571
46,7,14.397397,99.17702,87.6864,387.42004,13.571428571428571
46,8,10.165581,106.58493,106.789825,549.0887,13.571428571428571
46,9,7.5116873,113.610115,119.914185,681.15125,0.0
46,10,5.831151,109.16392,128.02226,770.16693,0.0
46,11,4.095351,104.875694,134.73537,843.6146,0.0
46,12,2.5766573,100.6943,140.1282,902.2237,0.0
46,13,1.3307304,96.88348,144.12527,947.98346,0.0
46,14,-0.058015823,93.48257,147.06703,983.47314,0.0
47,0,0.8316327,60.612244,0.0,0.0,0.0
47,1,2.1302552,61.54474,1.8804002,0.5239899,0.0
47,2,4.4778533,60.406616,5.8200808,3.1950896,12.346938775510203
47,3,8.496614,70.42527,13.87403,13.81953,12.346938775510203
47,4,13.360661,76.18143,26.994774,48.096943,12.346938775510203
47,5,16.916317,84.119736,45.674374,126.07863,12.346938775510203
47,6,18.1868,93.53182,69.37773,256.40033,12.346938775510203
47,7,15.967915,101.81327,93.82832,428.0692,12.346938775510203
47,8,11.652538,108.84352,114.56752,602.9044,12.346938775510203
47,9,8.78012,115.75844,129.0445,748.7946,12.346938775510203
47,10,6.5722256,123.42075,138.94528,852.595,0.0
47,11,4.6405945,119.06156,145.76163,918.5952,0.0
47,12,2.921978,114.75318,151.3478,969.8859,0.0
47,13,1.3649693,110.58711,155.75632,1008.98004,0.0
47,14,-0.061616898,106.711754,159.13007,1037.4764,0.0
48,0,0.84183675,46.734695,0.0,0.0,0.0
48,1,2.127245,47.49182,1.6893005,1.1990335,0.0
48,2,4.488197,46.292274,5.7871265,4.8611393,10.714285714285714
48,3,8.378838,55.326534,14.221268,17.712337,10.714285714285714
48,4,12.581352,61.90837,27.781466,55.511444,10.714285714285714
48,5,15.99702,69.18548,46.32631,135.57715,10.714285714285714
48,6,15.921288,77.73532,69.39808,267.34018,10.714285714285714
48,7,14.736746,86.64554,91.68877,433.66434,10.714285714285714
48,8,11.37385,92.24612,111.874725,603.6743,10.714285714285714
48,9,8.736475,98.18597,127.10547,754.205,10.714285714285714
48,10,6.402016,104.26588,138.26788,869.6821,0.0
48,11,4.6372156,99.975746,145.62038,945.4875,0.0
48,12,2.9619508,96.01337,151.42432,1006.1745,0.0
48,13,0.99607754,92.09045,155.96774,1052.7551,0.0
48,14,-0.9920659,88.02469,159.30818,1083.0057,0.0
49,0,0.6377551,48.367348,0.0,0.0,0.0
49,1,1.9247949,48.128895,1.7080364,0.35726514,16.632653061224488
49,2,4.4532332,61.52482,5.4125147,2.8065197,16.632653061224488
49,3,8.278751,67.47191,13.642093,13.995578,16.632653061224488
49,4,13.452667,73.45208,26.792656,47.192974,16.632653061224488
49,5,17.215956,82.89024,45.671192,125.7944,16.632653061224488
49,6,17.849155,94.13242,69.97487,259.40384,16.632653061224488
49,7,16.576912,103.86961,94.32367,434.42963,16.632653061224488
49,8,12.2099285,111.89656,116.17737,619.056,16.632653061224488
49,9,9.74596,122.75917,131.50302,777.51215,16.632653061224488
49,10,8.020241,134.30595,141.82756,894.8092,16.632653061224488
49,11,6.4773355,146.09459,147.77809,975.2473,0.0
49,12,5.337285,141.99986,149.43628,1016.9361,0.0
49,13,4.3413787,138.34998,150.00027,1046.5056,0.0
49,14,3.4715805,135.08542,149.61629,1064.9537,0.0
